{
	"format_version": "1.8.0",
	"animations": {
		"idle": {
			"animation_length": 2,
			"bones": {
				"body": {
					"rotation": {
						"0.0": {
							"vector": [0, 0, 0]
						},
						"1.0": {
							"vector": [-17.5, 0, 0]
						},
						"1.25": {
							"vector": [-47.5, 0, 0]
						},
						"1.5417": {
							"vector": [-22.5, 0, 0]
						},
						"1.75": {
							"vector": [-7.5, 0, 0]
						}
					},
					"position": {
						"0.0": {
							"vector": [0, -35, 0]
						},
						"2.0": {
							"vector": [0, 0, 0]
						}
					}
				},
				"head": {
					"rotation": {
						"0.0": {
							"vector": [0, 0, 0]
						},
						"0.5": {
							"vector": [-5, 0, 0]
						},
						"0.75": {
							"vector": [-12.5, 0, 0]
						},
						"1.0": {
							"vector": [-30, 0, 0]
						},
						"1.5417": {
							"vector": [5, 0, 0]
						},
						"1.875": {
							"vector": [-45, 0, 0]
						},
						"2.0": {
							"vector": [7.5, 0, 0]
						}
					}
				},
				"left_arm": {
					"rotation": {
						"0.0": {
							"vector": [0, 0, 155]
						},
						"0.25": {
							"vector": [15, 0, 155]
						},
						"0.5": {
							"vector": [55, 0, 155]
						},
						"0.75": {
							"vector": [90.35124, -0.00766, 162.52454]
						},
						"1.0": {
							"vector": [99.5059, 26.06325, 177.92747]
						},
						"1.25": {
							"vector": [71.08395, 6.30639, 174.6697]
						},
						"1.5417": {
							"vector": [151.42678, 4.63824, 177.07427]
						},
						"1.75": {
							"vector": [173.92678, 4.63824, 177.07427]
						}
					},
					"position": {
						"0.0": {
							"vector": [-4, 0, 0]
						},
						"1.5417": {
							"vector": [-4, 0, 0]
						},
						"1.75": {
							"vector": [-4, -1, 0]
						}
					}
				},
				"right_arm": {
					"rotation": {
						"0.0": {
							"vector": [0, 0, -160]
						},
						"0.25": {
							"vector": [15, 0, -160]
						},
						"0.5": {
							"vector": [60, 0, -160]
						},
						"0.75": {
							"vector": [97.5, 0, -160]
						},
						"1.0": {
							"vector": [88.0783, -15.00929, -182.50895]
						},
						"1.25": {
							"vector": [73.14209, -2.51603, -182.92521]
						},
						"1.75": {
							"vector": [172.99272, -1.05895, -178.13977]
						}
					},
					"position": {
						"0.0": {
							"vector": [4, 0, 0]
						},
						"1.75": {
							"vector": [4, -0.25, 0]
						}
					}
				},
				"left_leg": {
					"rotation": {
						"0.0": {
							"vector": [0, 0, 0]
						},
						"1.0": {
							"vector": [22.5, 0, 0]
						},
						"1.25": {
							"vector": [47.5, 0, 0]
						},
						"1.75": {
							"vector": [7.5, 0, 0]
						}
					}
				},
				"right_leg": {
					"rotation": {
						"0.0": {
							"vector": [0, 0, 0]
						},
						"1.0": {
							"vector": [22.5, 0, 0]
						},
						"1.25": {
							"vector": [47.5, 0, 0]
						},
						"1.5417": {
							"vector": [62.5, 0, 0]
						},
						"1.75": {
							"vector": [26.37298, 15.46973, -8.28342]
						},
						"2.0": {
							"vector": [5.30191, -5.41428, -0.47892]
						}
					}
				}
			}
		},
		"walk": {
			"animation_length": 2,
			"bones": {
				"head": {
					"rotation": {
						"0.0": {
							"vector": [0, 0, 0]
						},
						"0.25": {
							"vector": [-7.5, -12.5, 0]
						},
						"0.5": {
							"vector": [0, 0, 0]
						},
						"0.75": {
							"vector": [-17.5, 20, 0]
						},
						"1.0": {
							"vector": [0, 0, 0]
						},
						"1.25": {
							"vector": [-7.5, -12.5, 0]
						},
						"1.5": {
							"vector": [0, 0, 0]
						},
						"1.75": {
							"vector": [-17.5, 20, 0]
						},
						"2.0": {
							"vector": [0, 0, 0]
						}
					}
				},
				"left_arm": {
					"rotation": {
						"0.0": {
							"vector": [0, 0, 0]
						},
						"0.25": {
							"vector": [-22.5, 0, 0]
						},
						"0.5": {
							"vector": [0, 0, 0]
						},
						"0.75": {
							"vector": [22.5, 0, 0]
						},
						"1.0": {
							"vector": [0, 0, 0]
						},
						"1.25": {
							"vector": [-22.5, 0, 0]
						},
						"1.5": {
							"vector": [0, 0, 0]
						},
						"1.75": {
							"vector": [22.5, 0, 0]
						},
						"2.0": {
							"vector": [0, 0, 0]
						}
					}
				},
				"right_arm": {
					"rotation": {
						"0.0": {
							"vector": [0, 0, 0]
						},
						"0.25": {
							"vector": [20, 0, 0]
						},
						"0.5": {
							"vector": [0, 0, 0]
						},
						"0.75": {
							"vector": [-25, 0, 0]
						},
						"1.0": {
							"vector": [0, 0, 0]
						},
						"1.25": {
							"vector": [20, 0, 0]
						},
						"1.5": {
							"vector": [0, 0, 0]
						},
						"1.75": {
							"vector": [-25, 0, 0]
						},
						"2.0": {
							"vector": [0, 0, 0]
						}
					}
				},
				"left_leg": {
					"rotation": {
						"0.0": {
							"vector": [0, 0, 0]
						},
						"0.25": {
							"vector": [20, 0, 0]
						},
						"0.5": {
							"vector": [0, 0, 0]
						},
						"0.75": {
							"vector": [-17.5, 0, 0]
						},
						"1.0": {
							"vector": [0, 0, 0]
						},
						"1.25": {
							"vector": [20, 0, 0]
						},
						"1.5": {
							"vector": [0, 0, 0]
						},
						"1.75": {
							"vector": [-17.5, 0, 0]
						},
						"2.0": {
							"vector": [0, 0, 0]
						}
					}
				},
				"right_leg": {
					"rotation": {
						"0.0": {
							"vector": [0, 0, 0]
						},
						"0.25": {
							"vector": [-20, 0, 0]
						},
						"0.5": {
							"vector": [0, 0, 0]
						},
						"0.75": {
							"vector": [17.5, 0, 0]
						},
						"1.0": {
							"vector": [0, 0, 0]
						},
						"1.25": {
							"vector": [-20, 0, 0]
						},
						"1.5": {
							"vector": [0, 0, 0]
						},
						"1.75": {
							"vector": [17.5, 0, 0]
						},
						"2.0": {
							"vector": [0, 0, 0]
						}
					}
				}
			}
		},
		"attack": {
			"animation_length": 1.2917,
			"bones": {
				"body": {
					"rotation": {
						"0.0": {
							"vector": [0, 0, 0]
						},
						"0.5": {
							"vector": [5, 0, 0]
						},
						"0.75": {
							"vector": [-2.5, 0, 0]
						},
						"1.0": {
							"vector": [-17.5, 0, 0]
						},
						"1.25": {
							"vector": [0, 0, 0]
						}
					}
				},
				"head": {
					"rotation": {
						"0.0": {
							"vector": [0, 0, 0]
						},
						"0.5": {
							"vector": [-10, 0, 0]
						},
						"0.75": {
							"vector": [-5, 0, 0]
						},
						"1.0": {
							"vector": [7.5, 0, 0]
						},
						"1.25": {
							"vector": [0, 0, 0]
						}
					}
				},
				"left_arm": {
					"rotation": {
						"0.0": {
							"vector": [0, 0, 0]
						},
						"0.5": {
							"vector": [22.5, 0, 0]
						},
						"1.25": {
							"vector": [0, 0, 0]
						}
					}
				},
				"right_arm": {
					"rotation": {
						"0.0": {
							"vector": [0, 0, 0]
						},
						"0.25": {
							"vector": [133.17534, 7.9972, 9.63846]
						},
						"0.5": {
							"vector": [218.73103, -21.54391, 17.59419]
						},
						"0.75": {
							"vector": [87.32172, 0.44514, 2.17336]
						},
						"1.0": {
							"vector": [92.32172, 0.44514, 2.17336]
						},
						"1.25": {
							"vector": [0, 0, 0]
						}
					},
					"position": {
						"0.0": {
							"vector": [0, 0, 0]
						},
						"0.5": {
							"vector": [1, 3, -2]
						},
						"0.75": {
							"vector": [0, 1, 1]
						},
						"1.0": {
							"vector": [0, 1, 7]
						},
						"1.25": {
							"vector": [0, 0, 0]
						}
					},
					"scale": {
						"0.0": {
							"vector": [1, 1, 1]
						},
						"0.5": {
							"vector": [1, 1.3, 1]
						},
						"0.75": {
							"vector": [1, 1.1, 1]
						},
						"1.25": {
							"vector": [1, 1, 1]
						}
					}
				},
				"left_leg": {
					"rotation": {
						"0.0": {
							"vector": [0, 0, 0]
						},
						"0.5": {
							"vector": [-5, 0, 0]
						},
						"0.75": {
							"vector": [5, 0, 0]
						},
						"1.0": {
							"vector": [17.5, 0, 0]
						},
						"1.25": {
							"vector": [0, 0, 0]
						}
					}
				},
				"right_leg": {
					"rotation": {
						"0.0": {
							"vector": [0, 0, 0]
						},